Country;Year;IEF
Afghanistan;2024;9.3
Afghanistan;2023;14.625
Afghanistan;2022;
Afghanistan;2021;53
Afghanistan;2020;54.7
Afghanistan;2019;51.5
Afghanistan;2018;51.3
Afghanistan;2017;48.9
Afghanistan;2016;34.3
Afghanistan;2015;47.33333333
Afghanistan;2014;49.13333333
Afghanistan;2013;48.06666667
Afghanistan;2012;
Afghanistan;2011;
Afghanistan;2010;
Albania;2024;64.8
Albania;2023;65.3
Albania;2022;66.6
Albania;2021;65.2
Albania;2020;66.9
Albania;2019;66.5
Albania;2018;64.5
Albania;2017;64.4
Albania;2016;65.9
Albania;2015;65.7
Albania;2014;66.9
Albania;2013;65.2
Albania;2012;65.1
Albania;2011;64
Albania;2010;66
Algeria;2024;43.9
Algeria;2023;43.2
Algeria;2022;45.8
Algeria;2021;49.7
Algeria;2020;46.9
Algeria;2019;46.2
Algeria;2018;44.7
Algeria;2017;46.5
Algeria;2016;50.1
Algeria;2015;48.9
Algeria;2014;50.8
Algeria;2013;49.6
Algeria;2012;51
Algeria;2011;52.4
Algeria;2010;56.9
Angola;2024;54.3
Angola;2023;53
Angola;2022;52.6
Angola;2021;54.2
Angola;2020;52.2
Angola;2019;50.6
Angola;2018;48.6
Angola;2017;48.5
Angola;2016;48.9
Angola;2015;47.9
Angola;2014;47.7
Angola;2013;47.3
Angola;2012;46.7
Angola;2011;46.2
Angola;2010;48.4
Argentina;2024;49.9
Argentina;2023;51
Argentina;2022;50.1
Argentina;2021;52.7
Argentina;2020;53.1
Argentina;2019;52.2
Argentina;2018;52.3
Argentina;2017;50.4
Argentina;2016;43.8
Argentina;2015;44.1
Argentina;2014;44.6
Argentina;2013;46.7
Argentina;2012;48
Argentina;2011;51.7
Argentina;2010;51.2
Armenia;2024;64.9
Armenia;2023;65.1
Armenia;2022;65.3
Armenia;2021;71.9
Armenia;2020;70.6
Armenia;2019;67.7
Armenia;2018;68.7
Armenia;2017;70.3
Armenia;2016;67
Armenia;2015;67.1
Armenia;2014;68.9
Armenia;2013;69.4
Armenia;2012;68.8
Armenia;2011;69.7
Armenia;2010;69.2
Australia;2024;76.2
Australia;2023;74.8
Australia;2022;77.7
Australia;2021;82.4
Australia;2020;82.6
Australia;2019;80.9
Australia;2018;80.9
Australia;2017;81
Australia;2016;80.3
Australia;2015;81.4
Australia;2014;82
Australia;2013;82.6
Australia;2012;83.1
Australia;2011;82.5
Australia;2010;82.6
Austria;2024;68.4
Austria;2023;71.1
Austria;2022;73.8
Austria;2021;73.9
Austria;2020;73.3
Austria;2019;72
Austria;2018;71.8
Austria;2017;72.3
Austria;2016;71.7
Austria;2015;71.2
Austria;2014;72.4
Austria;2013;71.8
Austria;2012;70.3
Austria;2011;71.9
Austria;2010;71.6
Azerbaijan;2024;61.6
Azerbaijan;2023;61.4
Azerbaijan;2022;61.6
Azerbaijan;2021;70.1
Azerbaijan;2020;69.3
Azerbaijan;2019;65.4
Azerbaijan;2018;64.3
Azerbaijan;2017;63.6
Azerbaijan;2016;60.2
Azerbaijan;2015;61
Azerbaijan;2014;61.3
Azerbaijan;2013;59.7
Azerbaijan;2012;58.9
Azerbaijan;2011;59.7
Azerbaijan;2010;58.8
Bahrain;2024;63.4
Bahrain;2023;62.5
Bahrain;2022;62
Bahrain;2021;69.9
Bahrain;2020;66.3
Bahrain;2019;66.4
Bahrain;2018;67.7
Bahrain;2017;68.5
Bahrain;2016;74.3
Bahrain;2015;73.4
Bahrain;2014;75.1
Bahrain;2013;75.5
Bahrain;2012;75.2
Bahrain;2011;77.7
Bahrain;2010;76.3
Bangladesh;2024;54.4
Bangladesh;2023;54.4
Bangladesh;2022;52.7
Bangladesh;2021;56.5
Bangladesh;2020;56.4
Bangladesh;2019;55.6
Bangladesh;2018;55.1
Bangladesh;2017;55
Bangladesh;2016;53.3
Bangladesh;2015;53.9
Bangladesh;2014;54.1
Bangladesh;2013;52.6
Bangladesh;2012;53.2
Bangladesh;2011;53
Bangladesh;2010;51.1
Barbados;2024;66.8
Barbados;2023;69.8
Barbados;2022;71.3
Barbados;2021;65
Barbados;2020;61.4
Barbados;2019;64.7
Barbados;2018;57
Barbados;2017;54.5
Barbados;2016;68.3
Barbados;2015;67.9
Barbados;2014;68.3
Barbados;2013;69.3
Barbados;2012;69
Barbados;2011;68.5
Barbados;2010;68.3
Belarus;2024;48.4
Belarus;2023;51
Belarus;2022;53
Belarus;2021;61
Belarus;2020;61.7
Belarus;2019;57.9
Belarus;2018;58.1
Belarus;2017;58.6
Belarus;2016;48.8
Belarus;2015;49.8
Belarus;2014;50.1
Belarus;2013;48
Belarus;2012;49
Belarus;2011;47.9
Belarus;2010;48.7
Belgium;2024;65.6
Belgium;2023;67.1
Belgium;2022;69.6
Belgium;2021;70.1
Belgium;2020;68.9
Belgium;2019;67.3
Belgium;2018;67.5
Belgium;2017;67.8
Belgium;2016;68.4
Belgium;2015;68.8
Belgium;2014;69.9
Belgium;2013;69.2
Belgium;2012;69
Belgium;2011;70.2
Belgium;2010;70.1
Belize;2024;61.2
Belize;2023;59.8
Belize;2022;56.6
Belize;2021;57.5
Belize;2020;57.4
Belize;2019;55.4
Belize;2018;57.1
Belize;2017;58.6
Belize;2016;57.4
Belize;2015;56.8
Belize;2014;56.7
Belize;2013;57.3
Belize;2012;61.9
Belize;2011;63.8
Belize;2010;61.5
Benin;2024;57.7
Benin;2023;59.8
Benin;2022;61
Benin;2021;59.6
Benin;2020;55.2
Benin;2019;55.3
Benin;2018;56.7
Benin;2017;59.2
Benin;2016;59.3
Benin;2015;58.8
Benin;2014;57.1
Benin;2013;57.6
Benin;2012;55.7
Benin;2011;56
Benin;2010;55.4
Bhutan;2024;55.4
Bhutan;2023;59
Bhutan;2022;59.3
Bhutan;2021;58.3
Bhutan;2020;62.1
Bhutan;2019;62.9
Bhutan;2018;61.8
Bhutan;2017;58.4
Bhutan;2016;59.5
Bhutan;2015;57.4
Bhutan;2014;56.7
Bhutan;2013;55
Bhutan;2012;56.6
Bhutan;2011;57.6
Bhutan;2010;57
Bolivia;2024;43.5
Bolivia;2023;43.4
Bolivia;2022;43
Bolivia;2021;42.7
Bolivia;2020;42.8
Bolivia;2019;42.3
Bolivia;2018;44.1
Bolivia;2017;47.7
Bolivia;2016;47.4
Bolivia;2015;46.8
Bolivia;2014;48.4
Bolivia;2013;47.9
Bolivia;2012;50.2
Bolivia;2011;50
Bolivia;2010;49.4
Bosnia and Herzegovina;2024;62
Bosnia and Herzegovina;2023;62.9
Bosnia and Herzegovina;2022;63.4
Bosnia and Herzegovina;2021;62.9
Bosnia and Herzegovina;2020;62.6
Bosnia and Herzegovina;2019;61.9
Bosnia and Herzegovina;2018;61.4
Bosnia and Herzegovina;2017;60.2
Bosnia and Herzegovina;2016;58.6
Bosnia and Herzegovina;2015;59
Bosnia and Herzegovina;2014;58.4
Bosnia and Herzegovina;2013;57.3
Bosnia and Herzegovina;2012;57.3
Bosnia and Herzegovina;2011;57.5
Bosnia and Herzegovina;2010;56.2
Botswana;2024;68
Botswana;2023;64.9
Botswana;2022;64.8
Botswana;2021;67.6
Botswana;2020;69.6
Botswana;2019;69.5
Botswana;2018;69.9
Botswana;2017;70.1
Botswana;2016;71.1
Botswana;2015;69.8
Botswana;2014;72
Botswana;2013;70.6
Botswana;2012;69.6
Botswana;2011;68.8
Botswana;2010;70.3
Brazil;2024;53.2
Brazil;2023;53.5
Brazil;2022;53.3
Brazil;2021;53.4
Brazil;2020;53.7
Brazil;2019;51.9
Brazil;2018;51.4
Brazil;2017;52.9
Brazil;2016;56.5
Brazil;2015;56.6
Brazil;2014;56.9
Brazil;2013;57.7
Brazil;2012;57.9
Brazil;2011;56.3
Brazil;2010;55.6
Brunei Darussalam;2024;65.9
Brunei Darussalam;2023;65.7
Brunei Darussalam;2022;64.8
Brunei Darussalam;2021;66.6
Brunei Darussalam;2020;66.6
Brunei Darussalam;2019;65.1
Brunei Darussalam;2018;64.2
Brunei Darussalam;2017;69.8
Brunei Darussalam;2016;67.3
Brunei Darussalam;2015;68.9
Brunei Darussalam;2014;69
Bulgaria;2024;68.5
Bulgaria;2023;69.3
Bulgaria;2022;71
Bulgaria;2021;70.4
Bulgaria;2020;70.2
Bulgaria;2019;69
Bulgaria;2018;68.3
Bulgaria;2017;67.9
Bulgaria;2016;65.9
Bulgaria;2015;66.8
Bulgaria;2014;65.7
Bulgaria;2013;65
Bulgaria;2012;64.7
Bulgaria;2011;64.9
Bulgaria;2010;62.3
Burkina Faso;2024;51.9
Burkina Faso;2023;56.2
Burkina Faso;2022;58.3
Burkina Faso;2021;56.5
Burkina Faso;2020;56.7
Burkina Faso;2019;59.4
Burkina Faso;2018;60
Burkina Faso;2017;59.6
Burkina Faso;2016;59.1
Burkina Faso;2015;58.6
Burkina Faso;2014;58.9
Burkina Faso;2013;59.9
Burkina Faso;2012;60.6
Burkina Faso;2011;60.6
Burkina Faso;2010;59.4
Burma;2024;42.2
Burma;2023;46.5
Burma;2022;49.6
Burma;2021;55.2
Burma;2020;54
Burma;2019;53.6
Burma;2018;53.9
Burma;2017;52.5
Burma;2016;48.7
Burma;2015;46.9
Burma;2014;46.5
Burma;2013;39.2
Burma;2012;38.7
Burma;2011;37.8
Burma;2010;36.7
Burundi;2024;38.4
Burundi;2023;41.9
Burundi;2022;39.4
Burundi;2021;49.9
Burundi;2020;49
Burundi;2019;48.9
Burundi;2018;50.9
Burundi;2017;53.2
Burundi;2016;53.9
Burundi;2015;53.7
Burundi;2014;51.4
Burundi;2013;49
Burundi;2012;48.1
Burundi;2011;49.6
Burundi;2010;47.5
Cabo Verde;2024;62.9
Cabo Verde;2023;65.8
Cabo Verde;2022;66.7
Cabo Verde;2021;63.8
Cabo Verde;2020;63.6
Cabo Verde;2019;63.1
Cabo Verde;2018;60
Cabo Verde;2017;56.9
Cabo Verde;2016;66.5
Cabo Verde;2015;66.4
Cabo Verde;2014;66.1
Cabo Verde;2013;63.7
Cabo Verde;2012;63.5
Cabo Verde;2011;64.6
Cabo Verde;2010;61.8
Cambodia;2024;55.6
Cambodia;2023;56.5
Cambodia;2022;57.1
Cambodia;2021;57.3
Cambodia;2020;57.3
Cambodia;2019;57.8
Cambodia;2018;58.7
Cambodia;2017;59.5
Cambodia;2016;57.9
Cambodia;2015;57.5
Cambodia;2014;57.4
Cambodia;2013;58.5
Cambodia;2012;57.6
Cambodia;2011;57.9
Cambodia;2010;56.6
Cameroon;2024;53.6
Cameroon;2023;51.9
Cameroon;2022;52.9
Cameroon;2021;53.4
Cameroon;2020;53.6
Cameroon;2019;52.4
Cameroon;2018;51.9
Cameroon;2017;51.8
Cameroon;2016;54.2
Cameroon;2015;51.9
Cameroon;2014;52.6
Cameroon;2013;52.3
Cameroon;2012;51.8
Cameroon;2011;51.8
Cameroon;2010;52.3
Canada;2024;72.4
Canada;2023;73.7
Canada;2022;76.6
Canada;2021;77.9
Canada;2020;78.2
Canada;2019;77.7
Canada;2018;77.7
Canada;2017;78.5
Canada;2016;78
Canada;2015;79.1
Canada;2014;80.2
Canada;2013;79.4
Canada;2012;79.9
Canada;2011;80.8
Canada;2010;80.4
Central African Republic;2024;41.3
Central African Republic;2023;43.8
Central African Republic;2022;45.7
Central African Republic;2021;48.8
Central African Republic;2020;50.7
Central African Republic;2019;49.1
Central African Republic;2018;49.2
Central African Republic;2017;51.8
Central African Republic;2016;45.2
Central African Republic;2015;45.9
Central African Republic;2014;46.7
Central African Republic;2013;50.4
Central African Republic;2012;50.3
Central African Republic;2011;49.3
Central African Republic;2010;48.4
Chad;2024;51.4
Chad;2023;52
Chad;2022;49.8
Chad;2021;50.4
Chad;2020;50.2
Chad;2019;49.9
Chad;2018;49.3
Chad;2017;49
Chad;2016;46.3
Chad;2015;45.9
Chad;2014;44.5
Chad;2013;45.2
Chad;2012;44.8
Chad;2011;45.3
Chad;2010;47.5
Chile;2024;71.4
Chile;2023;71.1
Chile;2022;74.4
Chile;2021;75.2
Chile;2020;76.8
Chile;2019;75.4
Chile;2018;75.2
Chile;2017;76.5
Chile;2016;77.7
Chile;2015;78.5
Chile;2014;78.7
Chile;2013;79
Chile;2012;78.3
Chile;2011;77.4
Chile;2010;77.2
China;2024;48.5
China;2023;48.3
China;2022;48
China;2021;58.4
China;2020;59.5
China;2019;58.4
China;2018;57.8
China;2017;57.4
China;2016;52
China;2015;52.7
China;2014;52.5
China;2013;51.9
China;2012;51.2
China;2011;52
China;2010;51
Colombia;2024;59.2
Colombia;2023;63.1
Colombia;2022;65.1
Colombia;2021;68.1
Colombia;2020;69.2
Colombia;2019;67.3
Colombia;2018;68.9
Colombia;2017;69.7
Colombia;2016;70.8
Colombia;2015;71.7
Colombia;2014;70.7
Colombia;2013;69.6
Colombia;2012;68
Colombia;2011;68
Colombia;2010;65.5
Comoros;2024;52
Comoros;2023;53.5
Comoros;2022;50.4
Comoros;2021;55.7
Comoros;2020;53.7
Comoros;2019;55.4
Comoros;2018;56.2
Comoros;2017;55.8
Comoros;2016;52.4
Comoros;2015;52.1
Comoros;2014;51.4
Comoros;2013;47.5
Comoros;2012;45.7
Comoros;2011;43.8
Comoros;2010;44.9
Costa Rica;2024;67.7
Costa Rica;2023;66.5
Costa Rica;2022;65.4
Costa Rica;2021;64.2
Costa Rica;2020;65.8
Costa Rica;2019;65.3
Costa Rica;2018;65.6
Costa Rica;2017;65
Costa Rica;2016;67.4
Costa Rica;2015;67.2
Costa Rica;2014;66.9
Costa Rica;2013;67
Costa Rica;2012;68
Costa Rica;2011;67.3
Costa Rica;2010;65.9
Côte d'Ivoire;2024;58.4
Côte d'Ivoire;2023;60.4
Côte d'Ivoire;2022;61.6
Côte d'Ivoire;2021;61.7
Côte d'Ivoire;2020;59.7
Côte d'Ivoire;2019;62.4
Côte d'Ivoire;2018;62
Côte d'Ivoire;2017;63
Côte d'Ivoire;2016;60
Côte d'Ivoire;2015;58.5
Côte d'Ivoire;2014;57.7
Côte d'Ivoire;2013;54.1
Côte d'Ivoire;2012;54.3
Côte d'Ivoire;2011;55.4
Côte d'Ivoire;2010;54.1
Croatia;2024;67.2
Croatia;2023;66.4
Croatia;2022;67.6
Croatia;2021;63.6
Croatia;2020;62.2
Croatia;2019;61.4
Croatia;2018;61
Croatia;2017;59.4
Croatia;2016;59.1
Croatia;2015;61.5
Croatia;2014;60.4
Croatia;2013;61.3
Croatia;2012;60.9
Croatia;2011;61.1
Croatia;2010;59.2
Cuba;2024;25.7
Cuba;2023;24.3
Cuba;2022;29.5
Cuba;2021;28.1
Cuba;2020;26.9
Cuba;2019;27.8
Cuba;2018;31.9
Cuba;2017;33.9
Cuba;2016;29.8
Cuba;2015;29.6
Cuba;2014;28.7
Cuba;2013;28.5
Cuba;2012;28.3
Cuba;2011;27.7
Cuba;2010;26.7
Cyprus;2024;72.2
Cyprus;2023;72.3
Cyprus;2022;72.9
Cyprus;2021;71.4
Cyprus;2020;70.1
Cyprus;2019;68.1
Cyprus;2018;67.8
Cyprus;2017;67.9
Cyprus;2016;68.7
Cyprus;2015;67.9
Cyprus;2014;67.6
Cyprus;2013;69
Cyprus;2012;71.8
Cyprus;2011;73.3
Cyprus;2010;70.9
Czech Republic;2024;70.2
Czech Republic;2023;71.9
Czech Republic;2022;74.4
Czech Republic;2021;73.8
Czech Republic;2020;74.8
Czech Republic;2019;73.7
Czech Republic;2018;74.2
Czech Republic;2017;73.3
Czech Republic;2016;73.2
Czech Republic;2015;72.5
Czech Republic;2014;72.2
Czech Republic;2013;70.9
Czech Republic;2012;69.9
Czech Republic;2011;70.4
Czech Republic;2010;69.8
Democratic Republic of Congo;2024;47.6
Democratic Republic of Congo;2023;47.9
Democratic Republic of Congo;2022;47.6
Democratic Republic of Congo;2021;49
Democratic Republic of Congo;2020;49.5
Democratic Republic of Congo;2019;50.3
Democratic Republic of Congo;2018;52.1
Democratic Republic of Congo;2017;56.4
Democratic Republic of Congo;2016;46.4
Democratic Republic of Congo;2015;45
Democratic Republic of Congo;2014;40.6
Democratic Republic of Congo;2013;39.6
Democratic Republic of Congo;2012;41.1
Democratic Republic of Congo;2011;40.7
Democratic Republic of Congo;2010;41.4
Denmark;2024;77.8
Denmark;2023;77.6
Denmark;2022;78
Denmark;2021;77.8
Denmark;2020;78.3
Denmark;2019;76.7
Denmark;2018;76.6
Denmark;2017;75.1
Denmark;2016;75.3
Denmark;2015;76.3
Denmark;2014;76.1
Denmark;2013;76.1
Denmark;2012;76.2
Denmark;2011;78.6
Denmark;2010;77.9
Djibouti;2024;55.8
Djibouti;2023;56.1
Djibouti;2022;55.3
Djibouti;2021;56.2
Djibouti;2020;52.9
Djibouti;2019;47.1
Djibouti;2018;45.1
Djibouti;2017;46.7
Djibouti;2016;56
Djibouti;2015;57.5
Djibouti;2014;55.9
Djibouti;2013;53.9
Djibouti;2012;53.9
Djibouti;2011;54.5
Djibouti;2010;51
Dominica;2024;54
Dominica;2023;59.7
Dominica;2022;54.4
Dominica;2021;53
Dominica;2020;60.8
Dominica;2019;63.6
Dominica;2018;64.5
Dominica;2017;63.7
Dominica;2016;67
Dominica;2015;66.1
Dominica;2014;65.2
Dominica;2013;63.9
Dominica;2012;61.6
Dominica;2011;63.3
Dominica;2010;63.2
Dominican Republic;2024;62.9
Dominican Republic;2023;62.6
Dominican Republic;2022;63
Dominican Republic;2021;62.1
Dominican Republic;2020;60.9
Dominican Republic;2019;61
Dominican Republic;2018;61.6
Dominican Republic;2017;62.9
Dominican Republic;2016;61
Dominican Republic;2015;61
Dominican Republic;2014;61.3
Dominican Republic;2013;59.7
Dominican Republic;2012;60.2
Dominican Republic;2011;60
Dominican Republic;2010;60.3
Ecuador;2024;55
Ecuador;2023;55
Ecuador;2022;54.3
Ecuador;2021;52.4
Ecuador;2020;51.3
Ecuador;2019;46.9
Ecuador;2018;48.5
Ecuador;2017;49.3
Ecuador;2016;48.6
Ecuador;2015;49.2
Ecuador;2014;48
Ecuador;2013;46.9
Ecuador;2012;48.3
Ecuador;2011;47.1
Ecuador;2010;49.3
Egypt;2024;49.7
Egypt;2023;49.6
Egypt;2022;49.1
Egypt;2021;55.7
Egypt;2020;54
Egypt;2019;52.5
Egypt;2018;53.4
Egypt;2017;52.6
Egypt;2016;56
Egypt;2015;55.2
Egypt;2014;52.9
Egypt;2013;54.8
Egypt;2012;57.9
Egypt;2011;59.1
Egypt;2010;59
El Salvador;2024;54.4
El Salvador;2023;56
El Salvador;2022;59.6
El Salvador;2021;61
El Salvador;2020;61.6
El Salvador;2019;61.8
El Salvador;2018;63.2
El Salvador;2017;64.1
El Salvador;2016;65.1
El Salvador;2015;65.7
El Salvador;2014;66.2
El Salvador;2013;66.7
El Salvador;2012;68.7
El Salvador;2011;68.8
El Salvador;2010;69.9
Equatorial Guinea;2024;47.7
Equatorial Guinea;2023;48.3
Equatorial Guinea;2022;47.2
Equatorial Guinea;2021;49.2
Equatorial Guinea;2020;48.3
Equatorial Guinea;2019;41
Equatorial Guinea;2018;42
Equatorial Guinea;2017;45
Equatorial Guinea;2016;43.7
Equatorial Guinea;2015;40.4
Equatorial Guinea;2014;44.4
Equatorial Guinea;2013;42.3
Equatorial Guinea;2012;42.8
Equatorial Guinea;2011;47.5
Equatorial Guinea;2010;48.6
Eritrea;2024;39.5
Eritrea;2023;39.5
Eritrea;2022;39.7
Eritrea;2021;42.3
Eritrea;2020;38.5
Eritrea;2019;38.9
Eritrea;2018;41.7
Eritrea;2017;42.2
Eritrea;2016;42.7
Eritrea;2015;38.9
Eritrea;2014;38.5
Eritrea;2013;36.3
Eritrea;2012;36.2
Eritrea;2011;36.7
Eritrea;2010;35.3
Estonia;2024;77.8
Estonia;2023;78.6
Estonia;2022;80
Estonia;2021;78.2
Estonia;2020;77.7
Estonia;2019;76.6
Estonia;2018;78.8
Estonia;2017;79.1
Estonia;2016;77.2
Estonia;2015;76.8
Estonia;2014;75.9
Estonia;2013;75.3
Estonia;2012;73.2
Estonia;2011;75.2
Estonia;2010;74.7
Eswatini;2024;55.6
Eswatini;2023;54.9
Eswatini;2022;51.4
Eswatini;2021;55.1
Eswatini;2020;55.3
Eswatini;2019;54.7
Eswatini;2018;55.9
Eswatini;2017;61.1
Eswatini;2016;59.7
Eswatini;2015;59.9
Eswatini;2014;61.2
Eswatini;2013;57.2
Eswatini;2012;57.2
Eswatini;2011;59.1
Eswatini;2010;57.4
Ethiopia;2024;47.9
Ethiopia;2023;48.3
Ethiopia;2022;49.6
Ethiopia;2021;51.7
Ethiopia;2020;53.6
Ethiopia;2019;53.6
Ethiopia;2018;52.8
Ethiopia;2017;52.7
Ethiopia;2016;51.5
Ethiopia;2015;51.5
Ethiopia;2014;50
Ethiopia;2013;49.4
Ethiopia;2012;52
Ethiopia;2011;50.5
Ethiopia;2010;51.2
Fiji;2024;58
Fiji;2023;58
Fiji;2022;56.4
Fiji;2021;62.2
Fiji;2020;63.4
Fiji;2019;62.2
Fiji;2018;62
Fiji;2017;63.4
Fiji;2016;58.8
Fiji;2015;59
Fiji;2014;58.7
Fiji;2013;57.2
Fiji;2012;57.3
Fiji;2011;60.4
Fiji;2010;60.3
Finland;2024;76.3
Finland;2023;77.1
Finland;2022;78.3
Finland;2021;76.1
Finland;2020;75.7
Finland;2019;74.9
Finland;2018;74.1
Finland;2017;74
Finland;2016;72.6
Finland;2015;73.4
Finland;2014;73.4
Finland;2013;74
Finland;2012;72.3
Finland;2011;74
Finland;2010;73.8
France;2024;62.5
France;2023;63.6
France;2022;65.9
France;2021;65.7
France;2020;66
France;2019;63.8
France;2018;63.9
France;2017;63.3
France;2016;62.3
France;2015;62.5
France;2014;63.5
France;2013;64.1
France;2012;63.2
France;2011;64.6
France;2010;64.2
Gabon;2024;56.9
Gabon;2023;56.1
Gabon;2022;55.8
Gabon;2021;58.1
Gabon;2020;56.7
Gabon;2019;56.3
Gabon;2018;58
Gabon;2017;58.6
Gabon;2016;59
Gabon;2015;58.3
Gabon;2014;57.8
Gabon;2013;57.8
Gabon;2012;56.4
Gabon;2011;56.7
Gabon;2010;55.4
Georgia;2024;68.4
Georgia;2023;68.7
Georgia;2022;71.8
Georgia;2021;77.2
Georgia;2020;77.1
Georgia;2019;75.9
Georgia;2018;76.2
Georgia;2017;76
Georgia;2016;72.6
Georgia;2015;73
Georgia;2014;72.6
Georgia;2013;72.2
Georgia;2012;69.4
Georgia;2011;70.4
Georgia;2010;70.4
Germany;2024;72.1
Germany;2023;73.7
Germany;2022;76.1
Germany;2021;72.5
Germany;2020;73.5
Germany;2019;73.5
Germany;2018;74.2
Germany;2017;73.8
Germany;2016;74.4
Germany;2015;73.8
Germany;2014;73.4
Germany;2013;72.8
Germany;2012;71
Germany;2011;71.8
Germany;2010;71.1
Ghana;2024;55.8
Ghana;2023;58
Ghana;2022;59.8
Ghana;2021;59.2
Ghana;2020;59.4
Ghana;2019;57.5
Ghana;2018;56
Ghana;2017;56.2
Ghana;2016;63
Ghana;2015;63
Ghana;2014;64.2
Ghana;2013;61.3
Ghana;2012;60.7
Ghana;2011;59.4
Ghana;2010;60.2
Greece;2024;55.1
Greece;2023;56.9
Greece;2022;61.5
Greece;2021;60.9
Greece;2020;59.9
Greece;2019;57.7
Greece;2018;57.3
Greece;2017;55
Greece;2016;53.2
Greece;2015;54
Greece;2014;55.7
Greece;2013;55.4
Greece;2012;55.4
Greece;2011;60.3
Greece;2010;62.7
Guatemala;2024;62.4
Guatemala;2023;62.7
Guatemala;2022;63.2
Guatemala;2021;64
Guatemala;2020;64
Guatemala;2019;62.6
Guatemala;2018;63.4
Guatemala;2017;63
Guatemala;2016;61.8
Guatemala;2015;60.4
Guatemala;2014;61.2
Guatemala;2013;60
Guatemala;2012;60.9
Guatemala;2011;61.9
Guatemala;2010;61
Guinea;2024;53.3
Guinea;2023;53.2
Guinea;2022;54.2
Guinea;2021;56.5
Guinea;2020;56.5
Guinea;2019;55.7
Guinea;2018;52.2
Guinea;2017;47.6
Guinea;2016;53.3
Guinea;2015;52.1
Guinea;2014;53.5
Guinea;2013;51.2
Guinea;2012;50.8
Guinea;2011;51.7
Guinea;2010;51.8
Guinea-Bissau;2024;42.7
Guinea-Bissau;2023;44.6
Guinea-Bissau;2022;46
Guinea-Bissau;2021;54.9
Guinea-Bissau;2020;53.3
Guinea-Bissau;2019;54
Guinea-Bissau;2018;56.9
Guinea-Bissau;2017;56.1
Guinea-Bissau;2016;51.8
Guinea-Bissau;2015;52
Guinea-Bissau;2014;51.3
Guinea-Bissau;2013;51.1
Guinea-Bissau;2012;50.1
Guinea-Bissau;2011;46.5
Guinea-Bissau;2010;43.6
Guyana;2024;57.3
Guyana;2023;56.9
Guyana;2022;59.5
Guyana;2021;57.4
Guyana;2020;56.2
Guyana;2019;56.8
Guyana;2018;58.7
Guyana;2017;58.5
Guyana;2016;55.4
Guyana;2015;55.5
Guyana;2014;55.7
Guyana;2013;53.8
Guyana;2012;51.3
Guyana;2011;49.4
Guyana;2010;48.4
Haiti;2024;48.2
Haiti;2023;49.9
Haiti;2022;50
Haiti;2021;50.8
Haiti;2020;52.3
Haiti;2019;52.7
Haiti;2018;55.8
Haiti;2017;49.6
Haiti;2016;51.3
Haiti;2015;51.3
Haiti;2014;48.9
Haiti;2013;48.1
Haiti;2012;50.7
Haiti;2011;52.1
Haiti;2010;50.8
Honduras;2024;58.6
Honduras;2023;58.7
Honduras;2022;59.5
Honduras;2021;59.8
Honduras;2020;61.1
Honduras;2019;60.2
Honduras;2018;60.6
Honduras;2017;58.8
Honduras;2016;57.7
Honduras;2015;57.4
Honduras;2014;57.1
Honduras;2013;58.4
Honduras;2012;58.8
Honduras;2011;58.6
Honduras;2010;58.3
Hong Kong;2020;89.1
Hong Kong;2019;90.2
Hong Kong;2018;90.2
Hong Kong;2017;89.8
Hong Kong;2016;88.6
Hong Kong;2015;89.6
Hong Kong;2014;90.1
Hong Kong;2013;89.3
Hong Kong;2012;89.9
Hong Kong;2011;89.7
Hong Kong;2010;89.7
Hungary;2024;61.2
Hungary;2023;64.1
Hungary;2022;66.9
Hungary;2021;67.2
Hungary;2020;66.4
Hungary;2019;65
Hungary;2018;66.7
Hungary;2017;65.8
Hungary;2016;66
Hungary;2015;66.8
Hungary;2014;67
Hungary;2013;67.3
Hungary;2012;67.1
Hungary;2011;66.6
Hungary;2010;66.1
Iceland;2024;70.5
Iceland;2023;72.2
Iceland;2022;77
Iceland;2021;77.4
Iceland;2020;77.1
Iceland;2019;77.1
Iceland;2018;77
Iceland;2017;74.4
Iceland;2016;73.3
Iceland;2015;72
Iceland;2014;72.4
Iceland;2013;72.1
Iceland;2012;70.9
Iceland;2011;68.2
Iceland;2010;73.7
India;2024;52.9
India;2023;52.9
India;2022;53.9
India;2021;56.5
India;2020;56.5
India;2019;55.2
India;2018;54.5
India;2017;52.6
India;2016;56.2
India;2015;54.6
India;2014;55.7
India;2013;55.2
India;2012;54.6
India;2011;54.6
India;2010;53.8
Indonesia;2024;63.5
Indonesia;2023;63.5
Indonesia;2022;64.4
Indonesia;2021;66.9
Indonesia;2020;67.2
Indonesia;2019;65.8
Indonesia;2018;64.2
Indonesia;2017;61.9
Indonesia;2016;59.4
Indonesia;2015;58.1
Indonesia;2014;58.5
Indonesia;2013;56.9
Indonesia;2012;56.4
Indonesia;2011;56
Indonesia;2010;55.5
Iran;2024;41.2
Iran;2023;42.2
Iran;2022;42.4
Iran;2021;47.2
Iran;2020;49.2
Iran;2019;51.1
Iran;2018;50.9
Iran;2017;50.5
Iran;2016;43.5
Iran;2015;41.8
Iran;2014;40.3
Iran;2013;43.2
Iran;2012;42.3
Iran;2011;42.1
Iran;2010;43.4
Iraq;2024;13.46666667
Iraq;2023;30.28
Iraq;2022;
Iraq;2021;41.3
Iraq;2020;40.98
Iraq;2019;41.08
Iraq;2018;41.96
Iraq;2017;42.08
Iraq;2016;51.4
Iraq;2015;49.1
Iraq;2014;46.86666667
Iraq;2013;32.5
Iraq;2012;
Iraq;2011;
Iraq;2010;
Ireland;2024;82.6
Ireland;2023;82
Ireland;2022;82
Ireland;2021;81.4
Ireland;2020;80.9
Ireland;2019;80.5
Ireland;2018;80.4
Ireland;2017;76.7
Ireland;2016;77.3
Ireland;2015;76.6
Ireland;2014;76.2
Ireland;2013;75.7
Ireland;2012;76.9
Ireland;2011;78.7
Ireland;2010;81.3
Israel;2024;70.1
Israel;2023;68.9
Israel;2022;68
Israel;2021;73.8
Israel;2020;74
Israel;2019;72.8
Israel;2018;72.2
Israel;2017;69.7
Israel;2016;70.7
Israel;2015;70.5
Israel;2014;68.4
Israel;2013;66.9
Israel;2012;67.8
Israel;2011;68.5
Israel;2010;67.7
Italy;2024;60.1
Italy;2023;62.3
Italy;2022;65.4
Italy;2021;64.9
Italy;2020;63.8
Italy;2019;62.2
Italy;2018;62.5
Italy;2017;62.5
Italy;2016;61.2
Italy;2015;61.7
Italy;2014;60.9
Italy;2013;60.6
Italy;2012;58.8
Italy;2011;60.3
Italy;2010;62.7
Jamaica;2024;68.1
Jamaica;2023;68.1
Jamaica;2022;67.4
Jamaica;2021;69
Jamaica;2020;68.5
Jamaica;2019;68.6
Jamaica;2018;69.1
Jamaica;2017;69.5
Jamaica;2016;67.5
Jamaica;2015;67.7
Jamaica;2014;66.7
Jamaica;2013;66.8
Jamaica;2012;65.1
Jamaica;2011;65.7
Jamaica;2010;65.5
Japan;2024;67.5
Japan;2023;69.3
Japan;2022;69.9
Japan;2021;74.1
Japan;2020;73.3
Japan;2019;72.1
Japan;2018;72.3
Japan;2017;69.6
Japan;2016;73.1
Japan;2015;73.3
Japan;2014;72.4
Japan;2013;71.8
Japan;2012;71.6
Japan;2011;72.8
Japan;2010;72.9
Jordan;2024;58.3
Jordan;2023;58.8
Jordan;2022;60.1
Jordan;2021;64.6
Jordan;2020;66
Jordan;2019;66.5
Jordan;2018;64.9
Jordan;2017;66.7
Jordan;2016;68.3
Jordan;2015;69.3
Jordan;2014;69.2
Jordan;2013;70.4
Jordan;2012;69.9
Jordan;2011;68.9
Jordan;2010;66.1
Kazakhstan;2024;62
Kazakhstan;2023;62.1
Kazakhstan;2022;64.4
Kazakhstan;2021;71.1
Kazakhstan;2020;69.6
Kazakhstan;2019;65.4
Kazakhstan;2018;69.1
Kazakhstan;2017;69
Kazakhstan;2016;63.6
Kazakhstan;2015;63.3
Kazakhstan;2014;63.7
Kazakhstan;2013;63
Kazakhstan;2012;63.6
Kazakhstan;2011;62.1
Kazakhstan;2010;61
Kenya;2024;53.6
Kenya;2023;52.5
Kenya;2022;52.6
Kenya;2021;54.9
Kenya;2020;55.3
Kenya;2019;55.1
Kenya;2018;54.7
Kenya;2017;53.5
Kenya;2016;57.5
Kenya;2015;55.6
Kenya;2014;57.1
Kenya;2013;55.9
Kenya;2012;57.5
Kenya;2011;57.4
Kenya;2010;57.5
Kiribati;2024;51.3
Kiribati;2023;58.8
Kiribati;2022;59.2
Kiribati;2021;44.4
Kiribati;2020;45.2
Kiribati;2019;47.3
Kiribati;2018;50.8
Kiribati;2017;50.9
Kiribati;2016;46.2
Kiribati;2015;46.4
Kiribati;2014;46.3
Kiribati;2013;45.9
Kiribati;2012;46.9
Kiribati;2011;44.8
Kiribati;2010;43.7
Kosovo;2024;60.6
Kosovo;2023;60.7
Kosovo;2022;60.1
Kosovo;2021;66.5
Kosovo;2020;67.4
Kosovo;2019;67
Kosovo;2018;66.6
Kosovo;2017;67.9
Kosovo;2016;61.4
Kosovo;2015;51.175
Kosovo;2014;47.35
Kosovo;2013;37.13333333
Kosovo;2012;
Kuwait;2024;58.5
Kuwait;2023;56.7
Kuwait;2022;58.3
Kuwait;2021;64.1
Kuwait;2020;63.2
Kuwait;2019;60.8
Kuwait;2018;62.2
Kuwait;2017;65.1
Kuwait;2016;62.7
Kuwait;2015;62.5
Kuwait;2014;62.3
Kuwait;2013;63.1
Kuwait;2012;62.5
Kuwait;2011;64.9
Kuwait;2010;67.7
Kyrgyz Republic;2024;55.2
Kyrgyz Republic;2023;55.8
Kyrgyz Republic;2022;55.8
Kyrgyz Republic;2021;63.7
Kyrgyz Republic;2020;62.9
Kyrgyz Republic;2019;62.3
Kyrgyz Republic;2018;62.8
Kyrgyz Republic;2017;61.1
Kyrgyz Republic;2016;59.6
Kyrgyz Republic;2015;61.3
Kyrgyz Republic;2014;61.1
Kyrgyz Republic;2013;59.6
Kyrgyz Republic;2012;60.2
Kyrgyz Republic;2011;61.1
Kyrgyz Republic;2010;61.3
Laos;2024;50.6
Laos;2023;50.3
Laos;2022;49.2
Laos;2021;53.9
Laos;2020;55.5
Laos;2019;57.4
Laos;2018;53.6
Laos;2017;54
Laos;2016;49.8
Laos;2015;51.4
Laos;2014;51.2
Laos;2013;50.1
Laos;2012;50
Laos;2011;51.3
Laos;2010;51.1
Latvia;2024;71.5
Latvia;2023;72.8
Latvia;2022;74.8
Latvia;2021;72.3
Latvia;2020;71.9
Latvia;2019;70.4
Latvia;2018;73.6
Latvia;2017;74.8
Latvia;2016;70.4
Latvia;2015;69.7
Latvia;2014;68.7
Latvia;2013;66.5
Latvia;2012;65.2
Latvia;2011;65.8
Latvia;2010;66.2
Lebanon;2024;48.3
Lebanon;2023;45.6
Lebanon;2022;47.3
Lebanon;2021;51.4
Lebanon;2020;51.7
Lebanon;2019;51.1
Lebanon;2018;53.2
Lebanon;2017;53.3
Lebanon;2016;59.5
Lebanon;2015;59.3
Lebanon;2014;59.4
Lebanon;2013;59.5
Lebanon;2012;60.1
Lebanon;2011;60.1
Lebanon;2010;59.5
Lesotho;2024;51.9
Lesotho;2023;51.6
Lesotho;2022;48.1
Lesotho;2021;53.5
Lesotho;2020;54.5
Lesotho;2019;53.1
Lesotho;2018;53.9
Lesotho;2017;53.9
Lesotho;2016;50.6
Lesotho;2015;49.6
Lesotho;2014;49.5
Lesotho;2013;47.9
Lesotho;2012;46.6
Lesotho;2011;47.5
Lesotho;2010;48.1
Liberia;2024;49.9
Liberia;2023;49.6
Liberia;2022;47.9
Liberia;2021;49.2
Liberia;2020;49
Liberia;2019;49.7
Liberia;2018;50.9
Liberia;2017;49.1
Liberia;2016;52.2
Liberia;2015;52.7
Liberia;2014;52.4
Liberia;2013;49.3
Liberia;2012;48.6
Liberia;2011;46.5
Liberia;2010;46.2
Libya;2024;6.766666667
Libya;2023;25.54
Libya;2022;
Libya;2021;33.06
Libya;2020;32.82
Libya;2019;28.16
Libya;2018;34.02
Libya;2017;38.06
Libya;2016;39.375
Libya;2015;35.8
Libya;2014;33.06
Libya;2013;28.7
Libya;2012;35.9
Libya;2011;38.6
Libya;2010;40.2
Liechtenstein;2024;85.88
Liechtenstein;2023;85.425
Liechtenstein;2022;
Liechtenstein;2021;80
Liechtenstein;2020;80
Liechtenstein;2019;80
Liechtenstein;2018;80
Liechtenstein;2017;86.15
Liechtenstein;2016;80
Liechtenstein;2015;80
Liechtenstein;2014;80
Liechtenstein;2013;75
Liechtenstein;2012;
Liechtenstein;2011;
Liechtenstein;2010;
Lithuania;2024;72.9
Lithuania;2023;72.2
Lithuania;2022;75.8
Lithuania;2021;76.9
Lithuania;2020;76.7
Lithuania;2019;74.2
Lithuania;2018;75.3
Lithuania;2017;75.8
Lithuania;2016;75.2
Lithuania;2015;74.7
Lithuania;2014;73
Lithuania;2013;72.1
Lithuania;2012;71.5
Lithuania;2011;71.3
Lithuania;2010;70.3
Luxembourg;2024;79.2
Luxembourg;2023;78.4
Luxembourg;2022;80.6
Luxembourg;2021;76
Luxembourg;2020;75.8
Luxembourg;2019;75.9
Luxembourg;2018;76.4
Luxembourg;2017;75.9
Luxembourg;2016;73.9
Luxembourg;2015;73.2
Luxembourg;2014;74.2
Luxembourg;2013;74.2
Luxembourg;2012;74.5
Luxembourg;2011;76.2
Luxembourg;2010;75.4
Macau;2020;70.3
Macau;2019;71
Macau;2018;70.9
Macau;2017;70.7
Macau;2016;70.1
Macau;2015;70.3
Macau;2014;71.3
Macau;2013;71.7
Macau;2012;71.8
Macau;2011;73.1
Macau;2010;72.5
Madagascar;2024;57.3
Madagascar;2023;58.9
Madagascar;2022;58.9
Madagascar;2021;57.7
Madagascar;2020;60.5
Madagascar;2019;56.6
Madagascar;2018;56.8
Madagascar;2017;57.4
Madagascar;2016;61.1
Madagascar;2015;61.7
Madagascar;2014;61.7
Madagascar;2013;62
Madagascar;2012;62.4
Madagascar;2011;61.2
Madagascar;2010;63.2
Malawi;2024;52.1
Malawi;2023;52.8
Malawi;2022;53
Malawi;2021;53
Malawi;2020;52.8
Malawi;2019;51.4
Malawi;2018;52
Malawi;2017;52.2
Malawi;2016;51.8
Malawi;2015;54.8
Malawi;2014;55.4
Malawi;2013;55.3
Malawi;2012;56.4
Malawi;2011;55.8
Malawi;2010;54.1
Malaysia;2024;65.7
Malaysia;2023;67.3
Malaysia;2022;68.1
Malaysia;2021;74.4
Malaysia;2020;74.7
Malaysia;2019;74
Malaysia;2018;74.5
Malaysia;2017;73.8
Malaysia;2016;71.5
Malaysia;2015;70.8
Malaysia;2014;69.6
Malaysia;2013;66.1
Malaysia;2012;66.4
Malaysia;2011;66.3
Malaysia;2010;64.8
Maldives;2024;47.8
Maldives;2023;46.6
Maldives;2022;47.3
Maldives;2021;55.2
Maldives;2020;56.5
Maldives;2019;53.2
Maldives;2018;51.1
Maldives;2017;50.3
Maldives;2016;53.9
Maldives;2015;53.4
Maldives;2014;51
Maldives;2013;49
Maldives;2012;49.2
Maldives;2011;48.3
Maldives;2010;49
Mali;2024;52.5
Mali;2023;54.5
Mali;2022;55.9
Mali;2021;55.6
Mali;2020;55.9
Mali;2019;58.1
Mali;2018;57.6
Mali;2017;58.6
Mali;2016;56.5
Mali;2015;56.4
Mali;2014;55.5
Mali;2013;56.4
Mali;2012;55.8
Mali;2011;56.3
Mali;2010;55.6
Malta;2024;64.5
Malta;2023;67.5
Malta;2022;71.5
Malta;2021;70.2
Malta;2020;69.5
Malta;2019;68.6
Malta;2018;68.5
Malta;2017;67.7
Malta;2016;66.7
Malta;2015;66.5
Malta;2014;66.4
Malta;2013;67.5
Malta;2012;67
Malta;2011;65.7
Malta;2010;67.2
Mauritania;2024;55.3
Mauritania;2023;55.3
Mauritania;2022;55.3
Mauritania;2021;56.1
Mauritania;2020;55.3
Mauritania;2019;55.7
Mauritania;2018;54
Mauritania;2017;54.4
Mauritania;2016;54.8
Mauritania;2015;53.3
Mauritania;2014;53.2
Mauritania;2013;52.3
Mauritania;2012;53
Mauritania;2011;52.1
Mauritania;2010;52
Mauritius;2024;71.5
Mauritius;2023;70.6
Mauritius;2022;70.9
Mauritius;2021;77
Mauritius;2020;74.9
Mauritius;2019;73
Mauritius;2018;75.1
Mauritius;2017;74.7
Mauritius;2016;74.7
Mauritius;2015;76.4
Mauritius;2014;76.5
Mauritius;2013;76.9
Mauritius;2012;77
Mauritius;2011;76.2
Mauritius;2010;76.3
Mexico;2024;62
Mexico;2023;63.2
Mexico;2022;63.7
Mexico;2021;65.5
Mexico;2020;66
Mexico;2019;64.7
Mexico;2018;64.8
Mexico;2017;63.6
Mexico;2016;65.2
Mexico;2015;66.4
Mexico;2014;66.8
Mexico;2013;67
Mexico;2012;65.3
Mexico;2011;67.8
Mexico;2010;68.3
Micronesia;2024;61
Micronesia;2023;62.6
Micronesia;2022;61
Micronesia;2021;50.4
Micronesia;2020;52
Micronesia;2019;51.9
Micronesia;2018;52.3
Micronesia;2017;54.1
Micronesia;2016;51.8
Micronesia;2015;49.6
Micronesia;2014;49.8
Micronesia;2013;50.1
Micronesia;2012;50.7
Micronesia;2011;50.3
Micronesia;2010;50.6
Moldova;2024;57.1
Moldova;2023;58.5
Moldova;2022;61.3
Moldova;2021;62.5
Moldova;2020;62
Moldova;2019;59.1
Moldova;2018;58.4
Moldova;2017;58
Moldova;2016;57.4
Moldova;2015;57.5
Moldova;2014;57.3
Moldova;2013;55.5
Moldova;2012;54.4
Moldova;2011;55.7
Moldova;2010;53.7
Mongolia;2024;60.6
Mongolia;2023;61.7
Mongolia;2022;63.9
Mongolia;2021;62.4
Mongolia;2020;55.9
Mongolia;2019;55.4
Mongolia;2018;55.7
Mongolia;2017;54.8
Mongolia;2016;59.4
Mongolia;2015;59.2
Mongolia;2014;58.9
Mongolia;2013;61.7
Mongolia;2012;61.5
Mongolia;2011;59.5
Mongolia;2010;60
Montenegro;2024;59.7
Montenegro;2023;60.9
Montenegro;2022;57.8
Montenegro;2021;63.4
Montenegro;2020;61.5
Montenegro;2019;60.5
Montenegro;2018;64.3
Montenegro;2017;62
Montenegro;2016;64.9
Montenegro;2015;64.7
Montenegro;2014;63.6
Montenegro;2013;62.6
Montenegro;2012;62.5
Montenegro;2011;62.5
Montenegro;2010;63.6
Morocco;2024;56.8
Morocco;2023;58.4
Morocco;2022;59.2
Morocco;2021;63.3
Morocco;2020;63.3
Morocco;2019;62.9
Morocco;2018;61.9
Morocco;2017;61.5
Morocco;2016;61.3
Morocco;2015;60.1
Morocco;2014;58.3
Morocco;2013;59.6
Morocco;2012;60.2
Morocco;2011;59.6
Morocco;2010;59.2
Mozambique;2024;50.7
Mozambique;2023;52.5
Mozambique;2022;51.3
Mozambique;2021;51.6
Mozambique;2020;50.5
Mozambique;2019;48.6
Mozambique;2018;46.3
Mozambique;2017;49.9
Mozambique;2016;53.2
Mozambique;2015;54.8
Mozambique;2014;55
Mozambique;2013;55
Mozambique;2012;57.1
Mozambique;2011;56.8
Mozambique;2010;56
Namibia;2024;57.5
Namibia;2023;57.7
Namibia;2022;59.2
Namibia;2021;62.6
Namibia;2020;60.9
Namibia;2019;58.7
Namibia;2018;58.5
Namibia;2017;62.5
Namibia;2016;61.9
Namibia;2015;59.6
Namibia;2014;59.4
Namibia;2013;60.3
Namibia;2012;61.9
Namibia;2011;62.7
Namibia;2010;62.2
Nepal;2024;52.1
Nepal;2023;51.4
Nepal;2022;49.7
Nepal;2021;50.7
Nepal;2020;54.2
Nepal;2019;53.8
Nepal;2018;54.1
Nepal;2017;55.1
Nepal;2016;50.9
Nepal;2015;51.3
Nepal;2014;50.1
Nepal;2013;50.4
Nepal;2012;50.2
Nepal;2011;50.1
Nepal;2010;52.7
Netherlands;2024;77.3
Netherlands;2023;78
Netherlands;2022;79.5
Netherlands;2021;76.8
Netherlands;2020;77
Netherlands;2019;76.8
Netherlands;2018;76.2
Netherlands;2017;75.8
Netherlands;2016;74.6
Netherlands;2015;73.7
Netherlands;2014;74.2
Netherlands;2013;73.5
Netherlands;2012;73.3
Netherlands;2011;74.7
Netherlands;2010;75
New Zealand;2024;77.8
New Zealand;2023;78.9
New Zealand;2022;80.6
New Zealand;2021;83.9
New Zealand;2020;84.1
New Zealand;2019;84.4
New Zealand;2018;84.2
New Zealand;2017;83.7
New Zealand;2016;81.6
New Zealand;2015;82.1
New Zealand;2014;81.2
New Zealand;2013;81.4
New Zealand;2012;82.1
New Zealand;2011;82.3
New Zealand;2010;82.1
Nicaragua;2024;53.4
Nicaragua;2023;54.9
Nicaragua;2022;54.8
Nicaragua;2021;56.3
Nicaragua;2020;57.2
Nicaragua;2019;57.7
Nicaragua;2018;58.9
Nicaragua;2017;59.2
Nicaragua;2016;58.6
Nicaragua;2015;57.6
Nicaragua;2014;58.4
Nicaragua;2013;56.6
Nicaragua;2012;57.9
Nicaragua;2011;58.8
Nicaragua;2010;58.3
Niger;2024;52.3
Niger;2023;53.7
Niger;2022;54.9
Niger;2021;57.3
Niger;2020;54.7
Niger;2019;51.6
Niger;2018;49.5
Niger;2017;50.8
Niger;2016;54.3
Niger;2015;54.6
Niger;2014;55.1
Niger;2013;53.9
Niger;2012;54.3
Niger;2011;54.3
Niger;2010;52.9
Nigeria;2024;53.1
Nigeria;2023;53.9
Nigeria;2022;54.4
Nigeria;2021;58.7
Nigeria;2020;57.2
Nigeria;2019;57.3
Nigeria;2018;58.5
Nigeria;2017;57.1
Nigeria;2016;57.5
Nigeria;2015;55.6
Nigeria;2014;54.3
Nigeria;2013;55.1
Nigeria;2012;56.3
Nigeria;2011;56.7
Nigeria;2010;56.8
North Korea;2024;2.9
North Korea;2023;2.9
North Korea;2022;3
North Korea;2021;5.2
North Korea;2020;4.2
North Korea;2019;5.9
North Korea;2018;5.8
North Korea;2017;4.9
North Korea;2016;2.3
North Korea;2015;1.3
North Korea;2014;1
North Korea;2013;1.5
North Korea;2012;1
North Korea;2011;1
North Korea;2010;1
North Macedonia;2024;61.4
North Macedonia;2023;63.7
North Macedonia;2022;65.7
North Macedonia;2021;68.6
North Macedonia;2020;69.5
North Macedonia;2019;71.1
North Macedonia;2018;71.3
North Macedonia;2017;70.7
North Macedonia;2016;67.5
North Macedonia;2015;67.1
North Macedonia;2014;68.6
North Macedonia;2013;68.2
North Macedonia;2012;68.5
North Macedonia;2011;66
North Macedonia;2010;65.7
Norway;2024;77.5
Norway;2023;76.9
Norway;2022;76.9
Norway;2021;73.4
Norway;2020;73.4
Norway;2019;73
Norway;2018;74.3
Norway;2017;74
Norway;2016;70.8
Norway;2015;71.8
Norway;2014;70.9
Norway;2013;70.5
Norway;2012;68.8
Norway;2011;70.3
Norway;2010;69.4
Oman;2024;62.9
Oman;2023;58.5
Oman;2022;56.6
Oman;2021;64.6
Oman;2020;63.6
Oman;2019;61
Oman;2018;61
Oman;2017;62.1
Oman;2016;67.1
Oman;2015;66.7
Oman;2014;67.4
Oman;2013;68.1
Oman;2012;67.9
Oman;2011;69.8
Oman;2010;67.7
Pakistan;2024;49.5
Pakistan;2023;49.4
Pakistan;2022;48.8
Pakistan;2021;51.7
Pakistan;2020;54.8
Pakistan;2019;55
Pakistan;2018;54.4
Pakistan;2017;52.8
Pakistan;2016;55.9
Pakistan;2015;55.6
Pakistan;2014;55.2
Pakistan;2013;55.1
Pakistan;2012;54.7
Pakistan;2011;55.1
Pakistan;2010;55.2
Panama;2024;64.1
Panama;2023;63.8
Panama;2022;65.4
Panama;2021;66.2
Panama;2020;67.2
Panama;2019;67.2
Panama;2018;67
Panama;2017;66.3
Panama;2016;64.8
Panama;2015;64.1
Panama;2014;63.4
Panama;2013;62.5
Panama;2012;65.2
Panama;2011;64.9
Panama;2010;64.8
Papua New Guinea;2024;49.4
Papua New Guinea;2023;51.7
Papua New Guinea;2022;54.6
Papua New Guinea;2021;58.9
Papua New Guinea;2020;58.4
Papua New Guinea;2019;58.4
Papua New Guinea;2018;55.7
Papua New Guinea;2017;50.9
Papua New Guinea;2016;53.2
Papua New Guinea;2015;53.1
Papua New Guinea;2014;53.9
Papua New Guinea;2013;53.6
Papua New Guinea;2012;53.8
Papua New Guinea;2011;52.6
Papua New Guinea;2010;53.5
Paraguay;2024;60.1
Paraguay;2023;61
Paraguay;2022;62.9
Paraguay;2021;62.6
Paraguay;2020;63
Paraguay;2019;61.8
Paraguay;2018;62.1
Paraguay;2017;62.4
Paraguay;2016;61.5
Paraguay;2015;61.1
Paraguay;2014;62
Paraguay;2013;61.1
Paraguay;2012;61.8
Paraguay;2011;62.3
Paraguay;2010;61.3
Peru;2024;64.8
Peru;2023;66.5
Peru;2022;66.5
Peru;2021;67.7
Peru;2020;67.9
Peru;2019;67.8
Peru;2018;68.7
Peru;2017;68.9
Peru;2016;67.4
Peru;2015;67.7
Peru;2014;67.4
Peru;2013;68.2
Peru;2012;68.7
Peru;2011;68.6
Peru;2010;67.6
Poland;2024;66
Poland;2023;67.7
Poland;2022;68.7
Poland;2021;69.7
Poland;2020;69.1
Poland;2019;67.8
Poland;2018;68.5
Poland;2017;68.3
Poland;2016;69.3
Poland;2015;68.6
Poland;2014;67
Poland;2013;66
Poland;2012;64.2
Poland;2011;64.1
Poland;2010;63.2
Portugal;2024;68.7
Portugal;2023;69.5
Portugal;2022;70.8
Portugal;2021;67.5
Portugal;2020;67
Portugal;2019;65.3
Portugal;2018;63.4
Portugal;2017;62.6
Portugal;2016;65.1
Portugal;2015;65.3
Portugal;2014;63.5
Portugal;2013;63.1
Portugal;2012;63
Portugal;2011;64
Portugal;2010;64.4
Qatar;2024;68.8
Qatar;2023;68.6
Qatar;2022;67.7
Qatar;2021;72
Qatar;2020;72.3
Qatar;2019;72.6
Qatar;2018;72.6
Qatar;2017;73.1
Qatar;2016;70.7
Qatar;2015;70.8
Qatar;2014;71.2
Qatar;2013;71.3
Qatar;2012;71.3
Qatar;2011;70.5
Qatar;2010;69
Republic of Congo;2024;47.8
Republic of Congo;2023;48.1
Republic of Congo;2022;48.5
Republic of Congo;2021;50.7
Republic of Congo;2020;41.8
Republic of Congo;2019;39.7
Republic of Congo;2018;38.9
Republic of Congo;2017;40
Republic of Congo;2016;42.8
Republic of Congo;2015;42.7
Republic of Congo;2014;43.7
Republic of Congo;2013;43.5
Republic of Congo;2012;43.8
Republic of Congo;2011;43.6
Republic of Congo;2010;43.2
Romania;2024;64.4
Romania;2023;64.5
Romania;2022;67.1
Romania;2021;69.5
Romania;2020;69.7
Romania;2019;68.6
Romania;2018;69.4
Romania;2017;69.7
Romania;2016;65.6
Romania;2015;66.6
Romania;2014;65.5
Romania;2013;65.1
Romania;2012;64.4
Romania;2011;64.7
Romania;2010;64.2
Russia;2024;52
Russia;2023;53.8
Russia;2022;56.1
Russia;2021;61.5
Russia;2020;61
Russia;2019;58.9
Russia;2018;58.2
Russia;2017;57.1
Russia;2016;50.6
Russia;2015;52.1
Russia;2014;51.9
Russia;2013;51.1
Russia;2012;50.5
Russia;2011;50.5
Russia;2010;50.3
Rwanda;2024;51.6
Rwanda;2023;52.2
Rwanda;2022;57.1
Rwanda;2021;68.3
Rwanda;2020;70.9
Rwanda;2019;71.1
Rwanda;2018;69.1
Rwanda;2017;67.6
Rwanda;2016;63.1
Rwanda;2015;64.8
Rwanda;2014;64.7
Rwanda;2013;64.1
Rwanda;2012;64.9
Rwanda;2011;62.7
Rwanda;2010;59.1
Saint Lucia;2024;62.2
Saint Lucia;2023;60.7
Saint Lucia;2022;64.3
Saint Lucia;2021;67.5
Saint Lucia;2020;68.2
Saint Lucia;2019;68.7
Saint Lucia;2018;67.6
Saint Lucia;2017;65
Saint Lucia;2016;70
Saint Lucia;2015;70.2
Saint Lucia;2014;70.7
Saint Lucia;2013;70.4
Saint Lucia;2012;71.3
Saint Lucia;2011;70.8
Saint Lucia;2010;70.5
Saint Vincent and the Grenadines;2024;59.8
Saint Vincent and the Grenadines;2023;63.5
Saint Vincent and the Grenadines;2022;65.7
Saint Vincent and the Grenadines;2021;66.3
Saint Vincent and the Grenadines;2020;66.8
Saint Vincent and the Grenadines;2019;65.8
Saint Vincent and the Grenadines;2018;67.7
Saint Vincent and the Grenadines;2017;65.2
Saint Vincent and the Grenadines;2016;68.8
Saint Vincent and the Grenadines;2015;68
Saint Vincent and the Grenadines;2014;67
Saint Vincent and the Grenadines;2013;66.7
Saint Vincent and the Grenadines;2012;66.5
Saint Vincent and the Grenadines;2011;66.9
Saint Vincent and the Grenadines;2010;66.9
Samoa;2024;67.2
Samoa;2023;68.3
Samoa;2022;68.3
Samoa;2021;61.9
Samoa;2020;62.1
Samoa;2019;62.2
Samoa;2018;61.5
Samoa;2017;58.4
Samoa;2016;63.5
Samoa;2015;61.9
Samoa;2014;61.1
Samoa;2013;57.1
Samoa;2012;60.5
Samoa;2011;60.6
Samoa;2010;60.4
São Tomé and Príncipe;2024;60.5
São Tomé and Príncipe;2023;61.5
São Tomé and Príncipe;2022;60.3
São Tomé and Príncipe;2021;55.9
São Tomé and Príncipe;2020;56.2
São Tomé and Príncipe;2019;54
São Tomé and Príncipe;2018;53.6
São Tomé and Príncipe;2017;55.4
São Tomé and Príncipe;2016;56.7
São Tomé and Príncipe;2015;53.3
São Tomé and Príncipe;2014;48.8
São Tomé and Príncipe;2013;48
São Tomé and Príncipe;2012;50.2
São Tomé and Príncipe;2011;49.5
São Tomé and Príncipe;2010;48.8
Saudi Arabia;2024;61.9
Saudi Arabia;2023;58.3
Saudi Arabia;2022;55.5
Saudi Arabia;2021;66
Saudi Arabia;2020;62.4
Saudi Arabia;2019;60.7
Saudi Arabia;2018;59.6
Saudi Arabia;2017;64.4
Saudi Arabia;2016;62.1
Saudi Arabia;2015;62.1
Saudi Arabia;2014;62.2
Saudi Arabia;2013;60.6
Saudi Arabia;2012;62.5
Saudi Arabia;2011;66.2
Saudi Arabia;2010;64.1
Senegal;2024;55.4
Senegal;2023;57.7
Senegal;2022;60
Senegal;2021;58
Senegal;2020;58
Senegal;2019;56.3
Senegal;2018;55.7
Senegal;2017;55.9
Senegal;2016;58.1
Senegal;2015;57.8
Senegal;2014;55.4
Senegal;2013;55.5
Senegal;2012;55.4
Senegal;2011;55.7
Senegal;2010;54.6
Serbia;2024;62.7
Serbia;2023;63.5
Serbia;2022;65.2
Serbia;2021;67.2
Serbia;2020;66
Serbia;2019;63.9
Serbia;2018;62.5
Serbia;2017;58.9
Serbia;2016;62.1
Serbia;2015;60
Serbia;2014;59.4
Serbia;2013;58.6
Serbia;2012;58
Serbia;2011;58
Serbia;2010;56.9
Seychelles;2024;60.4
Seychelles;2023;59.5
Seychelles;2022;61.1
Seychelles;2021;66.3
Seychelles;2020;64.3
Seychelles;2019;61.4
Seychelles;2018;61.6
Seychelles;2017;61.8
Seychelles;2016;62.2
Seychelles;2015;57.5
Seychelles;2014;56.2
Seychelles;2013;54.9
Seychelles;2012;53
Seychelles;2011;51.2
Seychelles;2010;47.9
Sierra Leone;2024;44.6
Sierra Leone;2023;50.2
Sierra Leone;2022;52
Sierra Leone;2021;51.7
Sierra Leone;2020;48
Sierra Leone;2019;47.5
Sierra Leone;2018;51.8
Sierra Leone;2017;52.6
Sierra Leone;2016;52.3
Sierra Leone;2015;51.7
Sierra Leone;2014;50.5
Sierra Leone;2013;48.3
Sierra Leone;2012;49.1
Sierra Leone;2011;49.6
Sierra Leone;2010;47.9
Singapore;2024;83.5
Singapore;2023;83.9
Singapore;2022;84.4
Singapore;2021;89.7
Singapore;2020;89.4
Singapore;2019;89.4
Singapore;2018;88.8
Singapore;2017;88.6
Singapore;2016;87.8
Singapore;2015;89.4
Singapore;2014;89.4
Singapore;2013;88
Singapore;2012;87.5
Singapore;2011;87.2
Singapore;2010;86.1
Slovakia;2024;68.1
Slovakia;2023;69
Slovakia;2022;69.7
Slovakia;2021;66.3
Slovakia;2020;66.8
Slovakia;2019;65
Slovakia;2018;65.3
Slovakia;2017;65.7
Slovakia;2016;66.6
Slovakia;2015;67.2
Slovakia;2014;66.4
Slovakia;2013;68.7
Slovakia;2012;67
Slovakia;2011;69.5
Slovakia;2010;69.7
Slovenia;2024;65.9
Slovenia;2023;68.5
Slovenia;2022;70.5
Slovenia;2021;68.3
Slovenia;2020;67.8
Slovenia;2019;65.5
Slovenia;2018;64.8
Slovenia;2017;59.2
Slovenia;2016;60.6
Slovenia;2015;60.3
Slovenia;2014;62.7
Slovenia;2013;61.7
Slovenia;2012;62.9
Slovenia;2011;64.6
Slovenia;2010;64.7
Solomon Islands;2024;55
Solomon Islands;2023;56.9
Solomon Islands;2022;56.5
Solomon Islands;2021;56.5
Solomon Islands;2020;52.9
Solomon Islands;2019;54.6
Solomon Islands;2018;57.5
Solomon Islands;2017;55
Solomon Islands;2016;47
Solomon Islands;2015;47
Solomon Islands;2014;46.2
Solomon Islands;2013;45
Solomon Islands;2012;46.2
Solomon Islands;2011;45.9
Solomon Islands;2010;42.9
Somalia;2024;
Somalia;2023;8.4
Somalia;2022;
Somalia;2021;23.45
Somalia;2020;22.825
Somalia;2019;24.975
Somalia;2018;25.43333333
Somalia;2017;36.9
Somalia;2016;8
Somalia;2015;8
Somalia;2014;5
Somalia;2013;10
Somalia;2012;
Somalia;2011;
South Africa;2024;55.3
South Africa;2023;55.7
South Africa;2022;56.2
South Africa;2021;59.7
South Africa;2020;58.8
South Africa;2019;58.3
South Africa;2018;63
South Africa;2017;62.3
South Africa;2016;61.9
South Africa;2015;62.6
South Africa;2014;62.5
South Africa;2013;61.8
South Africa;2012;62.7
South Africa;2011;62.7
South Africa;2010;62.8
South Korea;2024;73.1
South Korea;2023;73.7
South Korea;2022;74.6
South Korea;2021;74
South Korea;2020;74
South Korea;2019;72.3
South Korea;2018;73.8
South Korea;2017;74.3
South Korea;2016;71.7
South Korea;2015;71.5
South Korea;2014;71.2
South Korea;2013;70.3
South Korea;2012;69.9
South Korea;2011;69.8
South Korea;2010;69.9
Spain;2024;63.3
Spain;2023;65
Spain;2022;68.2
Spain;2021;69.9
Spain;2020;66.9
Spain;2019;65.7
Spain;2018;65.1
Spain;2017;63.6
Spain;2016;68.5
Spain;2015;67.6
Spain;2014;67.2
Spain;2013;68
Spain;2012;69.1
Spain;2011;70.2
Spain;2010;69.6
Sri Lanka;2024;49.2
Sri Lanka;2023;52.2
Sri Lanka;2022;53.3
Sri Lanka;2021;55.7
Sri Lanka;2020;57.4
Sri Lanka;2019;56.4
Sri Lanka;2018;57.8
Sri Lanka;2017;57.4
Sri Lanka;2016;59.9
Sri Lanka;2015;58.6
Sri Lanka;2014;60
Sri Lanka;2013;60.7
Sri Lanka;2012;58.3
Sri Lanka;2011;57.1
Sri Lanka;2010;54.6
Sudan;2024;33.9
Sudan;2023;32.8
Sudan;2022;32
Sudan;2021;39.1
Sudan;2020;45
Sudan;2019;47.7
Sudan;2018;49.4
Sudan;2017;48.8
Sudan;2016;35.5
Sudan;2015;37.6
Sudan;2014;40.03333333
Sudan;2013;45.96666667
Sudan;2012;
Sudan;2011;
Sudan;2010;
Suriname;2024;46.7
Suriname;2023;46.1
Suriname;2022;48.1
Suriname;2021;46.4
Suriname;2020;49.5
Suriname;2019;48.1
Suriname;2018;48.1
Suriname;2017;48
Suriname;2016;53.8
Suriname;2015;54.2
Suriname;2014;54.2
Suriname;2013;52
Suriname;2012;52.6
Suriname;2011;53.1
Suriname;2010;52.5
Sweden;2024;77.5
Sweden;2023;77.5
Sweden;2022;77.9
Sweden;2021;74.7
Sweden;2020;74.9
Sweden;2019;75.2
Sweden;2018;76.3
Sweden;2017;74.9
Sweden;2016;72
Sweden;2015;72.7
Sweden;2014;73.1
Sweden;2013;72.9
Sweden;2012;71.7
Sweden;2011;71.9
Sweden;2010;72.4
Switzerland;2024;83
Switzerland;2023;83.8
Switzerland;2022;84.2
Switzerland;2021;81.9
Switzerland;2020;82
Switzerland;2019;81.9
Switzerland;2018;81.7
Switzerland;2017;81.5
Switzerland;2016;81
Switzerland;2015;80.5
Switzerland;2014;81.6
Switzerland;2013;81
Switzerland;2012;81.1
Switzerland;2011;81.9
Switzerland;2010;81.1
Syria;2024;
Syria;2023;12.225
Syria;2022;
Syria;2021;39.68
Syria;2020;39.2
Syria;2019;35.92
Syria;2018;37.58
Syria;2017;39.075
Syria;2016;31.02
Syria;2015;26.075
Syria;2014;28.425
Syria;2013;39.36
Syria;2012;51.2
Syria;2011;51.3
Syria;2010;49.4
Taiwan;2024;80
Taiwan;2023;80.7
Taiwan;2022;80.1
Taiwan;2021;78.6
Taiwan;2020;77.1
Taiwan;2019;77.3
Taiwan;2018;76.6
Taiwan;2017;76.5
Taiwan;2016;74.7
Taiwan;2015;75.1
Taiwan;2014;73.9
Taiwan;2013;72.7
Taiwan;2012;71.9
Taiwan;2011;70.8
Taiwan;2010;70.4
Tajikistan;2024;51.3
Tajikistan;2023;50.6
Tajikistan;2022;49.7
Tajikistan;2021;55.2
Tajikistan;2020;52.2
Tajikistan;2019;55.6
Tajikistan;2018;58.3
Tajikistan;2017;58.2
Tajikistan;2016;51.3
Tajikistan;2015;52.7
Tajikistan;2014;52
Tajikistan;2013;53.4
Tajikistan;2012;53.4
Tajikistan;2011;53.5
Tajikistan;2010;53
Tanzania;2024;59.1
Tanzania;2023;60
Tanzania;2022;59.5
Tanzania;2021;61.3
Tanzania;2020;61.7
Tanzania;2019;60.2
Tanzania;2018;59.9
Tanzania;2017;58.6
Tanzania;2016;58.5
Tanzania;2015;57.5
Tanzania;2014;57.8
Tanzania;2013;57.9
Tanzania;2012;57
Tanzania;2011;57
Tanzania;2010;58.3
Thailand;2024;59
Thailand;2023;60.6
Thailand;2022;63.2
Thailand;2021;69.7
Thailand;2020;69.4
Thailand;2019;68.3
Thailand;2018;67.1
Thailand;2017;66.2
Thailand;2016;63.9
Thailand;2015;62.4
Thailand;2014;63.3
Thailand;2013;64.1
Thailand;2012;64.9
Thailand;2011;64.7
Thailand;2010;64.1
The Bahamas;2024;62.5
The Bahamas;2023;62.6
The Bahamas;2022;68.7
The Bahamas;2021;64.6
The Bahamas;2020;64.5
The Bahamas;2019;62.9
The Bahamas;2018;63.3
The Bahamas;2017;61.1
The Bahamas;2016;70.9
The Bahamas;2015;68.7
The Bahamas;2014;69.8
The Bahamas;2013;70.1
The Bahamas;2012;68
The Bahamas;2011;68
The Bahamas;2010;67.3
The Gambia;2024;58.2
The Gambia;2023;57.9
The Gambia;2022;58
The Gambia;2021;58.8
The Gambia;2020;56.3
The Gambia;2019;52.4
The Gambia;2018;52.3
The Gambia;2017;53.4
The Gambia;2016;57.1
The Gambia;2015;57.5
The Gambia;2014;59.5
The Gambia;2013;58.8
The Gambia;2012;58.8
The Gambia;2011;57.4
The Gambia;2010;55.1
The Philippines;2024;59
The Philippines;2023;59.3
The Philippines;2022;61.1
The Philippines;2021;64.1
The Philippines;2020;64.5
The Philippines;2019;63.8
The Philippines;2018;65
The Philippines;2017;65.6
The Philippines;2016;63.1
The Philippines;2015;62.2
The Philippines;2014;60.1
The Philippines;2013;58.2
The Philippines;2012;57.1
The Philippines;2011;56.2
The Philippines;2010;56.3
Timor-Leste;2024;50.2
Timor-Leste;2023;47.2
Timor-Leste;2022;46.3
Timor-Leste;2021;44.7
Timor-Leste;2020;45.9
Timor-Leste;2019;44.2
Timor-Leste;2018;48.1
Timor-Leste;2017;46.3
Timor-Leste;2016;45.8
Timor-Leste;2015;45.5
Timor-Leste;2014;43.2
Timor-Leste;2013;43.7
Timor-Leste;2012;43.3
Timor-Leste;2011;42.8
Timor-Leste;2010;45.8
Togo;2024;50.9
Togo;2023;55.3
Togo;2022;57.2
Togo;2021;57.5
Togo;2020;54.1
Togo;2019;50.3
Togo;2018;47.8
Togo;2017;53.2
Togo;2016;53.6
Togo;2015;53
Togo;2014;49.9
Togo;2013;48.8
Togo;2012;48.3
Togo;2011;49.1
Togo;2010;47.1
Tonga;2024;59.2
Tonga;2023;60
Tonga;2022;60.8
Tonga;2021;57.5
Tonga;2020;58.8
Tonga;2019;57.7
Tonga;2018;63.1
Tonga;2017;63
Tonga;2016;59.6
Tonga;2015;59.3
Tonga;2014;58.2
Tonga;2013;56
Tonga;2012;57
Tonga;2011;55.8
Tonga;2010;53.4
Trinidad and Tobago;2024;60.4
Trinidad and Tobago;2023;59.5
Trinidad and Tobago;2022;58.8
Trinidad and Tobago;2021;59
Trinidad and Tobago;2020;58.3
Trinidad and Tobago;2019;57
Trinidad and Tobago;2018;57.7
Trinidad and Tobago;2017;61.2
Trinidad and Tobago;2016;62.9
Trinidad and Tobago;2015;64.1
Trinidad and Tobago;2014;62.7
Trinidad and Tobago;2013;62.3
Trinidad and Tobago;2012;64.4
Trinidad and Tobago;2011;66.5
Trinidad and Tobago;2010;65.7
Tunisia;2024;48.8
Tunisia;2023;52.9
Tunisia;2022;54.2
Tunisia;2021;56.6
Tunisia;2020;55.8
Tunisia;2019;55.4
Tunisia;2018;58.9
Tunisia;2017;55.7
Tunisia;2016;57.6
Tunisia;2015;57.7
Tunisia;2014;57.3
Tunisia;2013;57
Tunisia;2012;58.6
Tunisia;2011;58.5
Tunisia;2010;58.9
Türkiye;2024;56.2
Türkiye;2023;56.9
Türkiye;2022;56.9
Türkiye;2021;64
Türkiye;2020;64.4
Türkiye;2019;64.6
Türkiye;2018;65.4
Türkiye;2017;65.2
Türkiye;2016;62.1
Türkiye;2015;63.2
Türkiye;2014;64.9
Türkiye;2013;62.9
Türkiye;2012;62.5
Türkiye;2011;64.2
Türkiye;2010;63.8
Turkmenistan;2024;46.3
Turkmenistan;2023;46.5
Turkmenistan;2022;46.2
Turkmenistan;2021;47.4
Turkmenistan;2020;46.5
Turkmenistan;2019;48.4
Turkmenistan;2018;47.1
Turkmenistan;2017;47.4
Turkmenistan;2016;41.9
Turkmenistan;2015;41.4
Turkmenistan;2014;42.2
Turkmenistan;2013;42.6
Turkmenistan;2012;43.8
Turkmenistan;2011;43.6
Turkmenistan;2010;42.5
Uganda;2024;50.7
Uganda;2023;51.4
Uganda;2022;54.2
Uganda;2021;58.6
Uganda;2020;59.5
Uganda;2019;59.7
Uganda;2018;62
Uganda;2017;60.9
Uganda;2016;59.3
Uganda;2015;59.7
Uganda;2014;59.9
Uganda;2013;61.1
Uganda;2012;61.9
Uganda;2011;61.7
Uganda;2010;62.2
Ukraine;2024;28.63333333
Ukraine;2023;
Ukraine;2022;54.1
Ukraine;2021;56.2
Ukraine;2020;54.9
Ukraine;2019;52.3
Ukraine;2018;51.9
Ukraine;2017;48.1
Ukraine;2016;46.8
Ukraine;2015;46.9
Ukraine;2014;49.3
Ukraine;2013;46.3
Ukraine;2012;46.1
Ukraine;2011;45.8
Ukraine;2010;46.4
United Arab Emirates;2024;71.1
United Arab Emirates;2023;70.9
United Arab Emirates;2022;70.2
United Arab Emirates;2021;76.9
United Arab Emirates;2020;76.2
United Arab Emirates;2019;77.6
United Arab Emirates;2018;77.6
United Arab Emirates;2017;76.9
United Arab Emirates;2016;72.6
United Arab Emirates;2015;72.4
United Arab Emirates;2014;71.4
United Arab Emirates;2013;71.1
United Arab Emirates;2012;69.3
United Arab Emirates;2011;67.8
United Arab Emirates;2010;67.3
United Kingdom;2024;68.6
United Kingdom;2023;69.9
United Kingdom;2022;72.7
United Kingdom;2021;78.4
United Kingdom;2020;79.3
United Kingdom;2019;78.9
United Kingdom;2018;78
United Kingdom;2017;76.4
United Kingdom;2016;76.4
United Kingdom;2015;75.8
United Kingdom;2014;74.9
United Kingdom;2013;74.8
United Kingdom;2012;74.1
United Kingdom;2011;74.5
United Kingdom;2010;76.5
United States;2024;70.1
United States;2023;70.6
United States;2022;72.1
United States;2021;74.8
United States;2020;76.6
United States;2019;76.8
United States;2018;75.7
United States;2017;75.1
United States;2016;75.4
United States;2015;76.2
United States;2014;75.5
United States;2013;76
United States;2012;76.3
United States;2011;77.8
United States;2010;78
Uruguay;2024;69.8
Uruguay;2023;70.2
Uruguay;2022;70
Uruguay;2021;69.3
Uruguay;2020;69.1
Uruguay;2019;68.6
Uruguay;2018;69.2
Uruguay;2017;69.7
Uruguay;2016;68.8
Uruguay;2015;68.6
Uruguay;2014;69.3
Uruguay;2013;69.7
Uruguay;2012;69.9
Uruguay;2011;70
Uruguay;2010;69.8
Uzbekistan;2024;55.9
Uzbekistan;2023;56.5
Uzbekistan;2022;55.7
Uzbekistan;2021;58.3
Uzbekistan;2020;57.2
Uzbekistan;2019;53.3
Uzbekistan;2018;51.5
Uzbekistan;2017;52.3
Uzbekistan;2016;46
Uzbekistan;2015;47
Uzbekistan;2014;46.5
Uzbekistan;2013;46
Uzbekistan;2012;45.8
Uzbekistan;2011;45.8
Uzbekistan;2010;47.5
Vanuatu;2024;62.2
Vanuatu;2023;62.1
Vanuatu;2022;62.9
Vanuatu;2021;60.5
Vanuatu;2020;60.7
Vanuatu;2019;56.4
Vanuatu;2018;69.5
Vanuatu;2017;67.4
Vanuatu;2016;60.8
Vanuatu;2015;61.1
Vanuatu;2014;59.5
Vanuatu;2013;56.6
Vanuatu;2012;56.6
Vanuatu;2011;56.7
Vanuatu;2010;56.4
Venezuela;2024;28.1
Venezuela;2023;25.8
Venezuela;2022;24.8
Venezuela;2021;24.7
Venezuela;2020;25.2
Venezuela;2019;25.9
Venezuela;2018;25.2
Venezuela;2017;27
Venezuela;2016;33.7
Venezuela;2015;34.3
Venezuela;2014;36.3
Venezuela;2013;36.1
Venezuela;2012;38.1
Venezuela;2011;37.6
Venezuela;2010;37.1
Vietnam;2024;62.8
Vietnam;2023;61.8
Vietnam;2022;60.6
Vietnam;2021;61.7
Vietnam;2020;58.8
Vietnam;2019;55.3
Vietnam;2018;53.1
Vietnam;2017;52.4
Vietnam;2016;54
Vietnam;2015;51.7
Vietnam;2014;50.8
Vietnam;2013;51
Vietnam;2012;51.3
Vietnam;2011;51.6
Vietnam;2010;49.8
Yemen;2024;6.966666667
Yemen;2023;12.5
Yemen;2022;
Yemen;2021;30.78
Yemen;2020;30.2
Yemen;2019;33.74
Yemen;2018;35
Yemen;2017;37.68
Yemen;2016;40.38
Yemen;2015;53.7
Yemen;2014;55.5
Yemen;2013;55.9
Yemen;2012;55.3
Yemen;2011;54.2
Yemen;2010;54.4
Zambia;2024;48.4
Zambia;2023;47.8
Zambia;2022;48.7
Zambia;2021;50.4
Zambia;2020;53.5
Zambia;2019;53.6
Zambia;2018;54.3
Zambia;2017;55.8
Zambia;2016;58.8
Zambia;2015;58.7
Zambia;2014;60.4
Zambia;2013;58.7
Zambia;2012;58.3
Zambia;2011;59.7
Zambia;2010;58
Zimbabwe;2024;38.2
Zimbabwe;2023;39
Zimbabwe;2022;33.1
Zimbabwe;2021;39.5
Zimbabwe;2020;43.1
Zimbabwe;2019;40.4
Zimbabwe;2018;44
Zimbabwe;2017;44
Zimbabwe;2016;38.2
Zimbabwe;2015;37.6
Zimbabwe;2014;35.5
Zimbabwe;2013;28.6
Zimbabwe;2012;26.3
Zimbabwe;2011;22.1
Zimbabwe;2010;21.4
